7589876578,5057211462,1490122678007833804
8541756212,5119434132,6835470151516724752
6991529884,5525179574,1735969958668286184
8494339401,6719753096,1739631267215880648
9779075833,9965732205,5221930595517543685
9726339785,9864340093,3710203130768741925
9224868234,6297757680,2755752546532882272
6567976838,6623615671,6610266163522725066
9136079800,7024768266,8838611233554971952
5327422324,7721596368,4242716720381416000
8222080343,6915260615,1517596148184936097
6554032292,6251341036,4078002870829631280
9147662463,6746356761,6373162283477307495
5194642315,8856744863,9114133491079574613
7413874547,5442547369,3456875262451813611
8033725034,8016579959,9062766882552338758
7542995775,7723333589,2916840409613931627
8323190879,7108863176,3828192925413516856
6162633855,9996225285,6262844142419368827
7631420429,5573721652,5641925133213325476
5589075992,7140335859,3014391576934493896
9147833304,8288496866,2034811376056218800
6117970589,6575410400,3334679290385622368
9964657421,9748744544,4909179297255102944
7800958107,7950882977,6684272796107789691
6478386306,9649533296,7173172142968789728
6488648786,8829757875,1952965495164034902
7236467582,8546590078,6506889814961196548
9569598608,8199543366,4679362486671028064
5810098540,6523126543,1006519856300443988
8075473718,9486709941,2822700503996624174
8048089619,5474809419,7168268703638218129
6268363597,6775632969,5578642902093526261
6923885019,9191248599,8298916259392183533
7600297078,5566588814,5414240550052582260
9996810127,6374713041,8386563663859111359
7679011451,5615765214,6230037237014362282
9257732199,6433788413,4222057931454555339
5056587202,7779790425,2445700549878037618
9752239416,7800976918,2290018288187593424
9586126354,8183060803,4656878525184495798
9456747743,6016098346,1552492234072878230
8369185262,9544800267,6095225428471858490
6743018925,8994407213,5309225835286851177
7309817821,5475787173,3133518513779506801
7595065932,5789088355,7075019594979318628
8226800609,5083829501,4930163487459862877
9717773017,7734853287,1378572268024150415
6399960087,6455052312,4418589008877967912
6526575507,6946236856,8441651182771182760
6941248690,8565153501,4112628297336508842
6586320406,6193158010,3896634831426248828
7628864276,5019349604,1398448735291243472
9208389624,6341992551,3059306180985035976
7948025383,7859284677,7125561883890301443
9595013727,8304838108,5898059351934502052
7015839748,8369996723,3382323478724490956
7374382806,5971905432,7145628589379698960
6725276604,5788572644,2036264025828517744
7331815409,6219472482,8706536031959971906
6672968591,6422784503,5965551107861442041
8047068509,5268778898,5504736603560419850
7412952319,8330373128,6412426576214228984
8384618605,6848896407,2085152016721197387
5760408840,7997857721,9177442169691550408
8907469292,7041240545,7379401711044189292
7203592343,8163727471,3467932479305699705
9447920914,6570120139,6733743247622032198
6272277445,6094032927,1329977129690328283
6997245874,8165687320,1797089687115462832
7331541307,7767165058,1605059239885395958
6829187179,8439508641,2294751987048258891
9157193998,8726357124,6121968785459135288
7791509771,5697782448,7500839469205196176
9860854363,8225366985,7322169626475199091
6294815495,7254839612,8774388655938284708
5031847338,8312650037,4934497812984948274
7420301217,6095931335,8340158556429831463
6503646236,6084733416,2679465430612718944
8080238416,9749335698,4989980542621567904
9186265556,6305604056,2584721128278040288
8483371893,9474326511,6587258933683948859
5281073359,8342600049,7164394716146891359
7252387810,5508540821,3056586153688688778
5482147196,7485520821,4143238832025664684
8061431039,5714023536,9169718543267830672
7525243732,7980791436,4717168509029624304
9071582353,6874261214,7020194497706101694
6555566041,6251773841,4090428140652630249
8124751220,7665547407,6940433425862431692
9388028134,8239981136,3570198433559073760
8069066276,5476030924,7292968307762415792
8261607095,7418645203,5949699623263860437
8214485489,7601486779,7102070619792195083
5598596979,7312561084,4046594246216262004
9731400980,6571049878,8605289001269425592
9178708315,8895760665,7864616089247223011
5857242714,7650847325,7919381602863536818
8114183867,5101707731,4502706417610272545
9767869743,5855210743,1852703634309594201
9779192362,8408635559,8442688338576193894
5166958693,7898994659,3920290971861517455
6936460282,6210683336,6186670136824157520
8551913140,9214528507,5014871123079675516
8367361911,7078902153,3891504025579439535
6842517373,6497618089,7566576509682456965
8624751971,7039860975,5376822598568576877
8058398251,7843730431,7867671365357221333
5370611269,7453220501,3134861865593322537
9626263896,8466480041,7713594850044693272
8779208801,6706302069,3535793925200654421
7435478707,7776420702,2481178325266337466
6970897707,9187761385,8706712550030989347
8542216573,5334566874,8675537413440499570
6885628770,6398658211,7165296919639227238
8815058347,6601727093,2854377294637040423
5575713175,7635365448,5679119576934274168
5158446010,8263480761,5733231212873110378
6282934799,9388983640,3650139817869033512
9825204672,8321822192,7976629985553474560
8799891649,5189977308,8777749823749597660
9823999637,7787347486,2715922580818656118
6835733998,8504056145,2791233490148662862
6228257717,9336275999,2808500817684979435
6219584864,9525061322,3901695005854375360
5931420523,7326709677,6564307996801397839
5047025048,8750692934,7271478277835507600
6699717075,9614474840,9074029031577238152
8005319484,9955655578,5911227279718475288
9906501581,7654388326,2041233758268736942
6652123371,6472288254,6160971810863081002
7770509702,5185095783,3397348940181683434
7586658122,5050142996,1420220230445710280
7450837234,8070344708,4790592620452602824
5750192587,6926792286,2936901507226880650
5446657695,7368652453,3241039437493972603
7162357766,5428201389,1985232226497033742
9509122317,8175952951,3959160374257901003
5817221129,9853180874,1977899746962831898
6523351556,8990994331,3311184637987374188
9226427464,8537011463,4979140727867813368
6153604819,7238481381,7649265760944271807
7942136974,7872424032,7183637758424704320
7675941258,7866942353,5045955160571645226
6949011527,6610102483,9040190201599218309
7155197586,6072761482,6558320148941079220
6595016503,8666319858,1814290262657961726
9929729761,9975999476,6825258524009847156
7197049009,6221049084,7879706997523454524
9308032964,8312559997,3586606172465534644
7745972395,8333176311,9208321446545279997
6549975162,5861890073,1501746233105263594
9636841889,8550272573,8610648599016003933
8158541286,9515421045,3844979154467557406
8439772850,7411360472,7209966672020130352
8968231080,8894284027,5979018150450752696
8955681763,6972469395,7102984782748488537
7696293173,7647513668,3517275012323933716
6171194336,6652505306,4160414917178043584
8998520131,6566109727,3745038339635759389
8755711748,7229244530,7956949039357083592
5720347314,7493839648,5973877354564402240
6386972888,7097848285,8440276412013193848
6134276285,6906759723,5474484227572965823
7506712191,5778503722,6484076188257171670
9745075051,9764962484,2926571908231628604
5848373245,9731395405,1572600301989284377
5415650474,7460220911,3508460765382758582
6565396975,9017159897,3861002089726456727
6670342883,8749573460,3022422837068030332
6519662211,8754527631,1736330749857397293
5394576279,7379342758,2914939249498134250
7770263157,8123979679,7785227766821731755
7675752388,7813432072,4633737664001133088
7181372705,5810548264,4834224556755630888
5639453073,7676606151,6398372001048548791
9717946907,6404429105,6897669790906873387
9976251783,6128797076,5802190535961531660
5909696721,7726884541,8770056088074186829
6823884670,8346059920,1612318121860771552
6565708376,5847356047,1498546427823046440
8866693915,6948800690,6272656573442146502
8640843141,7461631947,9134559008772770679
7698046272,5765430872,7489065483254205952
6243198126,7197537375,8042163703995856018
8009288134,9844481270,5060310726358043716
6176842239,9600882053,3962901575498781819
6945914145,9234858190,8804299907861442702
8124239290,9364430962,2291901655134690516
7332743521,7853390606,2246666862900108878
7476658430,7778665424,2818192195370469472
9873611716,8077855402,5970631442502883368
6001353298,7552159172,8429687206484046024
5529654791,8312528318,9071923891532768306
9109461096,8803082192,6404358458076195968
9223575926,6577472013,5327580291916904190
7468889667,5564465251,4666888868155358185
5737790692,7568519167,6533090681217090332
5144312703,7735633732,2901030725863794364
6316459109,6501748433,4174539966630222965
9941494268,9624500313,3448194325505947804
5386133961,8548497132,9149862570757196620
9654890129,6107240380,3624502639163554172
5736125369,7589099773,6638539588358338005
5684595479,7189983034,3978656901744000054
7853288413,5707730005,7930961765379828833
5641795593,7546682359,5683351127357940655
5052723314,8595691772,6538164068923269176
9633952144,6371940049,6046733275374360208
5067992302,8605031295,6716744214109987858
5036674391,8157218284,4191764285400661812
7142574495,6024100832,6134100810532376608
5998038487,7419118480,7606670035233836528
5347594518,7434643933,2863972991973656062
6041847244,6468577092,2188666528482631216
6032332991,6394365205,1679452035204874923
5043094549,9009162312,8540569199284334056
7703170649,5375787166,4517117764982987502
6785473412,9229477603,7286142660677336588
6402569300,6308499060,3497114263215754768
5218313180,8326993418,6559371355503546008
9960770009,9632876398,3717145957054589502
9052956110,8585748942,3939432048566729156
5136586351,7762095207,2977184148019616425
8236807866,9342209564,3163008927737423960
7592890857,5247916452,2953368699271576132
8041692129,7908628664,8258524657343930808
6590362302,9327847792,6133664226062082336
8018062163,9608423942,3253964160575300082
6735542530,6106577323,4237623124380943958
8821099807,6758083291,4273494992801369989
7875970453,8089368488,8371394973788630216
9026162535,7003750035,7876753949293283877
7816647331,5317369164,4670511336303198052
6474718028,9568803597,6615072934758491868
8928888598,8780153470,4610035912134928596
7347905490,5200454486,1318959920755424908
9822175350,8371001724,8434470493442096936
5143250478,5335847110,8996854125332866964
8024789260,7305002077,3280869990658638172
6207536820,6861863934,5701784876715946648
7334985901,5660484709,4626087385921984577
6077598024,9549421874,2697315290636122128
5249381090,8216290350,6236951045820378268
5229662604,7622863194,2971514433650693944
7873104206,7801163548,6079141320324028040
8587654721,9444271731,7317168422290785587
6926995102,6448692141,7776570727593790150
6323972978,6738733687,5722081595107206654
5752429609,7544368981,6504963360106455197
7032680210,5784233693,3785177675357212298
8729948859,9397170850,8249844644947353686
8386209471,6904818640,2565023253176684592
5753912229,7009203770,3436855140336800098
9515789009,9823661676,1246171436067561004
9493647144,6751034832,8751710330732664960
5013347333,8899364270,7722115980980888678
9174053447,8776306937,6727332612476655375
6690343691,5996290102,3223753505902343250
9551369253,6501888660,6761707212424716132
8956941714,9045922540,7236824645300627096
7624496317,5836880889,7609788693529082581
5302431438,7762448367,4266362109613458514
9678722206,8245797521,6021807277844244862
7400670017,8357026176,6507360830878710144
7858637968,9896863299,3988889390788929968
7240774235,8546786290,6545117739554583302
9790529203,8368725504,8147275143964686848
9312592761,6277275982,3117482647643711454
8459447825,8851842639,1094724664892603711
8491130662,8858025707,1427677390653721570
8963288032,6473362100,2682376816603732352
8812120358,8882602982,4487590274875501092
6316188858,9230601745,2961991673275702362
8009036851,9950410128,5906225102877420464
9795528609,8297088139,7487387942130862187
5482732422,7913658832,6494985707433947872
8285546064,9616072241,5887433212719002960
5553595876,8241382847,8875821644217235740
7415611659,8532394381,7932691029801033231
6606673370,6972210972,9169632411315112408
7260146104,5889948784,5868400569498034304
9287055231,8736523906,7349603747135645822
6264974494,6472248212,3654981819598001496
8189168368,9574814011,4622787733526197584
5806933012,7841553440,8641887388679058048
5661604869,7736595264,6908057268725637184
8553917214,5021399391,6059146541624913442
8800704459,5214974296,9001959392958482632
8913154244,9072586201,7078383906660780580
6687542296,6421596712,6051211471935427520
7748242962,8161594089,7897781737666396770
7343530732,8162591329,4602008056139567980
6416313333,9312766106,4413393111909636450
9356914955,8201455703,2953347225332531901
6238962795,6415974055,3135535275411180493
8303414963,5460250596,8445238353136964716
6886859240,6542477574,8163633985575580528
8590826681,9254624282,5717896909597861578
7370807418,7787241128,2058022450888432656
8349212839,7058878618,3595847765219521654
7120640280,6012530797,5919580830439599928
5197221681,8432620223,6932708503195551631
8229559868,5449393092,7952618547460528624
9698365084,8327699334,6978092156077447592
8989406279,8946487168,6636631628173921408
7429006218,7993257676,4041728755951574520
6702858296,9313062664,7083907117431605696
7384767975,5806860722,5988830947691874718
8911903301,8554417931,2449169102574283767
8544470828,6959600980,4125875327001556592
8604916043,8738129152,1403891431012579072
6943861666,9240181297,8822308473999805954
9126051893,8977269372,8140049851473314732
8776327240,6622882384,2784350852886685312
6725600224,6761648963,8582659632743064480
7077468957,8215677133,2805967648413605433
9555606055,8533746890,7758147159083212486
7441173500,5472347398,3827198293372449768
8095071453,5249332914,5600236871995600810
8246559520,9456295401,4194926568210561056
5410790703,5071452088,8993821734750786248
9208584028,8871168207,7903921565843391332
9978887697,6437153972,8895404353756827636
6742066526,5668123095,1321374836627914738
5359092471,7709327788,4421512357722780916
8990358510,8533197812,2929531271789373656
8335832591,7734571499,9133860957655269061
7338627889,6045325655,7470907302451089063
8094992398,5185523269,5083283294788005830
5439922086,5045437359,9000042049044059258
5874661728,7531688570,7352634441974945728
7376997885,5305147591,2242574411000741803
7973408403,7369939060,3423301809473266332
9868914280,6400499058,7825744331494093392
6536931713,9352122467,5793953717263441123
8708192004,9273363984,6967257800812177472
5366814241,7147097436,1463656153920282844
7930595821,7958264344,7773545727811051576
7415800321,5344463116,2739983143786357004
6722592731,8384511691,1025425125772463273
5448075366,6983991025,1155821312248486918
7301797641,5478734068,3111119345969630356
5529811009,8313905453,9080837754365428845
8033140250,7665789693,6240131509744788402
8146040757,5539574265,8232109591699215373
7316853687,7906347017,2509352100909246831
6600033858,9190247002,5315709155454338868
6474321357,6557553262,5562218986412513302
9361969957,6464160617,5177045272447928621
7784461601,7528532756,3265341929824047508
6324823041,6056686247,1413980579714313895
6465018125,6908538931,7770341258764021143
7953689170,9774624770,3957350879124534436
7014364765,8821797378,6539072471083931322
8494612027,9437346357,6379619572298629175
6394948764,5975951978,1322418568015351960
6770604264,6770799229,8948913983136209224
7099683304,8240485731,3164606740102280376
6836538920,8301998747,1416705326528078392
6784097324,9380839379,8300295106819066948
5016927598,8168104803,4085302262107949962
8987025319,6463556691,2747915411680204581
6893239800,8244520858,1491227089167093552
5230336960,7811955088,3965669279207349248
7889139521,7373780701,2832552526317529373
9967372542,7757308753,3533009969630253662
9361828718,6188369252,2594220759833124088
6069837653,6727433113,3940938669907300557
5910388348,7090991561,5017025750481627996
8742344641,7264416874,8167803707275217386
5026915916,8005711670,3350551265410836488
6678494318,5804908763,1874562042784805402
9965165223,7529648129,1247211381699611303
6720020130,6016988251,3540794021274389398
8453049628,5111005844,6310097900910922800
6117596173,6458191289,2615118166669233765
8869725415,8513897634,1728957930159961646
9010727253,8547202214,3229531631753531678
6594168082,9673812685,8450514617545065322
8719713906,7135632334,6880440269754381756
9680202646,6228455032,4952474660129759824
6328014244,9131613759,2444749716529728348
8336003166,7067909804,3577886282017784616
7042911539,8678501039,5781682887667934173
9914606894,6376094221,7876235499191504726
5210208390,8648346146,8166197502094261708
9834867841,7698057495,1922401800906311831
6151383835,9960867317,5932885975244965847
6553868902,6061806128,2834794524833128224
7298834415,8505838594,6742475237193757662
7356806545,5966104464,6997988221489813648
9064737394,6877232257,7000072186122263410
6750817533,9088529277,6014770571226758793
7356943553,5212598654,1455305914502674430
8573800609,9087206199,4124917748256568727
6936929064,5556936154,1654583766055876624
8502929302,5374948032,8809314970600930432
5526414928,6909597176,1291812832493940096
6908531838,5729297728,2687547615849960832
8915722751,6472546312,2367196189670889464
7699026460,5425819946,4880043184030667928
9216422841,8666467588,6086853533991171044
9585668934,6095460410,3088833269435248092
5919804195,6779808978,3241653481843959478
7898461763,7586153486,4578711016291500970
8895512409,7255950343,9205164094115651439
6464217142,8769073389,1344962299501179390
8508669894,9503961176,7079092037137828880
6568237857,9770644525,8835685035266128077
9460626851,8318026837,4906771746622593823
7794403714,9735896160,2098528893784131776
6652671100,6028154562,3209841493531454968
7003462762,6373505428,7743119780983768904
6438765839,7040857040,8440941639015553328
6611409095,5798966070,1445848869375303418
5104972830,8437372913,6179071330023850558
6905615434,9042640258,7104763908625887124
6561894713,6080341284,3005071177296128260
8778823962,6885642109,5107607719116761010
7091633998,7972210942,1195769934386151268
5150227068,8360552872,6165257557400436064
8003812019,7838131436,7394698372829874436
8938142499,8981197981,6488251071070888055
6250743538,6578154871,4224870904447370366
6492877943,6506715805,5353823384234885883
8083901106,9624246602,4014481455486335348
9151716779,6419503031,3409241380515402301
8030227396,7976581188,8713528561167171600
8509084252,5402805790,9079441516884315848
6586763383,5965982872,2403029377475672744
7358435311,5538110169,3858337276358674327
7252626823,7967685102,2446414466854036098
5841375681,7200191096,5165533019308033144
5641522713,7178724481,3605449062511533721
7669192541,5299964549,3752960439336125777
8113325573,5574875611,8337292713601196871
5199635169,8778205928,8749980116533978600
9036479111,6588395923,4195669912058409605
6820059526,8951282332,5708046117143439784
8666357517,8829311371,2730992675161219343
7443184011,8251551001,6077580255465590163
8085992779,7732592940,7185458454657725412
6982060923,5849424350,3947549028760571818
5055669406,7596824343,1513544266242047026
7679472155,5517334827,5476731026339138953
7245252264,8481771480,6112341797071975872
9933543307,7928556704,4971685086350973664
8006546370,9481734958,2128974314438795996
5903014724,9599611475,1326415660475703052
6778119907,8538397301,2534048498654516159
5308664316,8287196002,7100453548096161400
6105052714,9939412421,5340404555262705746
8974744406,7136079603,8704258276666295970
9219653498,8495324287,4536969984445699462
7756905896,5737298088,7610193218497623616
7006334694,8059587795,1127937366318804882
9485399465,9961929112,2259156700784967000
6325753312,6212273620,2403822279346126208
6396259532,6801309754,6609454196687971896
5691292687,7909035238,8119146263835601274
6906278687,8361354725,2405613710585591227
9386424244,6825321855,8725134311746397772
9472754260,6627870621,7443957438677940612
8747737852,5054198726,7319317359541273320
7262659185,5865440133,5705204508580968373
8895861546,6571018483,3114638419846299870
7070169894,8682455379,6046202405475504978
6034794801,7541466360,8617713833825291128
8409600871,7084552377,4238025619135665519
7666828383,7481804849,2021481551251574319
7826735667,7698205804,4911589716944556420
8689687971,7050172827,5923569787124309169
8310662309,9400149270,4334489942324657966
9865613630,8011187638,5248305659102099476
5940645424,7717531362,8953629222822684256
5294639081,7819338001,4507084420223913849
8596775912,7011992144,4940292937543780480
8540298362,9190620582,4703665607379880220
8500081311,7167966242,5588063670374448414
8542247225,5040297769,6161981482994837793
9699018920,5880687395,1696666085581858552
6128729434,9863792796,5112285018593702616
9700412349,5825795094,1172382451452560958
6797977105,6412229150,6696698806294507518
9282048562,8384757154,4040746789166706084
9429900321,7995315839,1608055101844277855
5416461677,8401058157,8610521406219646057
8273881133,9855782582,7758597261321618942
7126860481,5909690690,5224052886075518658
5065353653,7930352001,3276549330422106421
6171561396,7129210570,7104872590348052488
6809108850,8843742373,4877772237985646202
9366650073,6249794643,3199407227962304091
6557539589,9477332770,6807752616273376682
7984821846,7253226539,2575489501465516146
8860451803,6699698778,4022125895958341886
7174826920,8857453337,8210462423822777192
8462001390,9141757788,3570590814261118856
7573102065,7766827397,3478744377590619957
9701631312,6637604384,9055358307354216960
8380825890,7523311942,7711335280931123532
6494517252,8822880516,1960117502368007184
9949234997,7913113352,4942448002108173480
6693935482,9411492627,7659692213328036366
7333866434,8364783951,6005976024772145886
7226045730,8838445746,8526780921591309732
5855593258,6505294832,1198872412142339424
8309937298,6928407760,2234401839447977632
6656972132,6355257642,5413284867054929512
8380163850,8997094382,1610148800236284236
8005101734,9863309088,5169816388488552128
8042072516,5569202849,7894445020552694852
5127504853,8768760854,8068375686262321230
7727458593,5631298475,6622137642967442443
8978845100,6752826277,5292348907264037852
9353363903,8703516392,7620179755263391512
5127138259,5213290419,8282516688823488905
9992966657,9597251617,3671295038972576289
9304653438,8699241335,7156449500861253266
9149751892,8740682969,6188104238141720884
8098953726,9542913695,3500640132178471106
5921970363,6909977206,4027192075518442546
5089822536,9035956562,9097927196165578000
6897903014,8681600996,4544609455525147096
8548775638,6716399484,2076760062766315944
6477400637,7112959917,9180002949912163897
9056002867,6847057507,6666740192777217721
9204994586,6474480464,4257325397154113056
6076207594,9732067334,3793829219041479548
6616514881,6733554965,7659178480534830933
9455160980,6329835037,4509377030550601412
5721936235,7273637385,4725801166063042243
9302022313,6140507771,1778908077863239475
8685639018,9253718887,6587485531692526502
5759522685,9875337704,1536999307095160392
7109779634,5546332261,2539712005235869242
5813843047,6852729155,2947203603351832053
7060795689,8065121917,1605945841684360965
9953298858,9490935687,2232398966220787366
5117472946,7540074240,1692637786612407808
5225692792,5083735934,8119298153025636112
8033918681,5454685498,6929011573942884906
7876119935,7505740304,3775878614138705392
5143138438,8473783536,6688353671874053536
5206544979,7548154934,2406320024912673154
6949579146,6448541439,7921160959172127862
7238927876,5401421305,2207011107365694948
6911186112,6450136901,7684608423270815680
5411229107,7685687649,4695528566160096211
8518523060,9171719385,4342526786133311636
7405248077,6221669092,9179514931844232852
7768737190,8193635031,8313964965487848042
7508714188,8406038522,7778308493887295288
8098705720,7843167391,8179272391280521672
9759198663,8339962859,7604378088184251053
5162272037,8455285935,6754997999670796363
7702753120,7365393905,1393578660639078752
7986260029,5103949423,3867979119523410035
5348833118,8385387874,7958552220307707900
9807749704,6360620192,7043138584215768320
5159765460,8486836536,6896597875699743328
8073036501,7706665566,6875960194189169718
8865489790,6427826415,1645597232946148002
7107960132,5638598707,3185446662283646092
9776814859,5975490754,3081034572395658838
5565871977,6896999760,1494329542140622288
7138123544,8051866078,2134982603378085584
5133788179,8016715611,4262631690737459137
7667338961,5682515126,6676281474632520854
9306557243,8839183223,8475388351376527725
5052998523,8796656521,7556004260532215251
9586812711,6180972966,3915597975667515978
9441517986,8142238010,3088110322869641396
9530279579,6205899007,3803720354619823205
5011518232,8153958918,3970225633116889744
7721575961,5783211885,7762021721166393253
5409778062,7253152391,2344456537755543010
5204792163,7623127905,2783308230071505283
8203543284,7663108612,7524410967406506960
8212964336,9650998179,5476327556089737680
9838201621,6470087936,8313797398839089408
5096805955,8641369817,7149896995223757003
9117022943,6944448596,7972464955087483180
5307056943,7716322187,4057473089524191109
8420715167,5059457334,5710760961784081546
7978984783,5629860237,8027081014020670339
5895581740,9674202725,1694820713439586652
6321597430,6651134233,5152304926498717958
9772181832,7794954757,2386738962779168360
5017687366,5449380377,8896542996491665366
7508412525,5970849606,7938113819162611918
8261860744,7699984287,8275965689053474680
6868166942,9233401647,8076311733005098626
8825763478,9014379760,5771807367792198816
8733369106,6662020963,2841655840659914230
6741505741,5821681297,2353409738578722845
6543782965,6414479740,5081475104530525868
7661898722,7815419895,4540723484265219342
8442102627,7408330425,7201653521447871627
7713438962,5907389589,8672800872086663386
8949536927,6472675109,2587212683340595195
6789937380,6419248918,6692810032433651608
8498471371,5176753318,7101001720333155746
8267417185,9099959381,1446184274443156021
8569523219,8810317594,1713244893709008622
5035940252,7591372570,1336210545772584408
9071753442,6647688596,4965959680978492584
6597052781,5993715066,2647366497257795314
7141488611,5666058735,3570605777840463853
7457353864,8031042663,4550094813743244984
5085456302,8537869318,6525473181456438804
9079826066,6242292941,1338701936170945258
6444306982,8776214799,1216390083598771770
7562437904,7777839559,3479196471083589488
8451036603,9575525839,7136143063523078453
5888799862,9847705235,2650933007756022722
7511066498,8377405406,7583016864042033340
8482775371,6861240197,2862127136498133239
6651983939,8524483356,1364494151256164436
6748608107,9020966544,5538735730685517360
7980486083,7209451990,2194699051123000322
8402182197,5251419541,7229895628949008345
8147919955,7441889700,5295689368410308652
6038229785,7431754560,7981153591582466368
9633884448,8000991587,3293652123739932512
7786099651,9994702934,4032776731427869570
9927240623,5961393944,3839959909454332264
6692413987,6476042685,6446870498083931863
6802296187,9303502418,7944946802578025318
7660821678,5558348356,5688027432101358136
5778108359,9945644795,2126781104505686557
6023559744,9911120998,4359997240337249664
8759484777,9412957591,8665682430072885743
8921147381,9199657935,8284527998082911771
7671082467,5658556012,6513761664771538372
8895562919,5136419086,8797851010446368802
7178204076,5979749606,6030374847829490824
6405848634,8958692133,2047793541475941474
7902557165,5180294802,4044087656938253098
5511883078,8307902072,8898696696918834384
6480898945,6928379846,8008641487081559238
7217402050,8547209666,6348416344039560452
9353700094,8064706221,1647867042611878310
6993914959,8842310200,6502133358769626952
8892286575,9220582836,8205088671400020236
5063169753,8372789854,5499368189578982830
8419772216,6883144015,2614272515095032392
6374932760,6201135463,2638333464857364648
6553793936,6273913835,4224450299390401328
8892274370,6703254652,4266947316434214392
6482589518,6723523812,6692356840275499384
5791382419,6705398708,1940040042477411420
7944613911,7281787811,2510760519092183973
5132142552,8495524970,6706757052696420208
6930453171,5473516806,1040463757245388594
5916623170,7739039909,8895494691724988298
9420345280,6376726129,4730729670049166272
8586804839,5310880371,8710005121633812037
7164282031,5456098224,2195538318155109712
9297174806,6719898516,7135838960703333048
7031848933,8327065987,3214437854577887023
5055827960,5171320914,7698564793424403824
5298074217,8545629583,8381891614305658279
7521639874,8294086006,7044895799986348396
6839130030,6489197102,7486974623458069828
9331456876,6234712078,2838714669004693480
6177085538,6659252879,4241286505336660670
9757528586,6161670635,4782445137400617262
8199183820,5578509190,8845734142950202568
5574337991,8161186042,8599721258120418390
9950726745,5692212956,1301423478376053372
6820076243,6201307801,5399903861711568411
6396243344,9864613420,7756235707679421632
6810541203,6620035430,8192535913915719058
8113834044,7869992268,8515578968986516944
5290215078,7234270605,1377359285484078958
5471255046,8308744098,8565769924686115276
9603720415,6680661693,8818974865643907747
6960598888,5998567774,4860136029877932080
7393284073,8128361171,4755050964017274635
8541951889,7445410675,8258107558568360227
7954558344,7132354095,1394494557616163832
7934393436,9904594217,4799971046770153148
8099025737,7511495140,5495560241081763332
6402231417,8969123673,2082173141110379793
7194333653,5917158847,5676526875699674859
9704654641,8156813104,5372077850665009200
6161666896,6895316823,5593157258291888176
5773694914,7461230461,6185380217438472122
9245092760,8153783271,1595506390493011496
8472058356,7135674930,5113622195277560232
6381529378,6751776080,6193169260778575008
6387351420,6063358216,1835311563517163488
9217739895,8147650660,1315948244366874236
9203720605,8760805261,6845027602219896441
8485666521,7473978065,8081453223730207017
5192265604,7916205602,4209553914037610376
5488315335,7463051814,4066093569256664458
5169884532,7910955449,4005238061707111636
6049421887,7551664138,8789714172271085174
9924111298,7775832857,3381254412675111922
7445352905,7792515895,2677798634968270127
6406515875,8909845126,1740832022381720402
7978313136,5650505182,8188011571167567520
5760496131,6845900832,2542297108526577760
7790289860,5649032771,7114114567309898828
8125746405,5003132062,3760694219117633878
9732571581,6275489637,5736419876797551249
7424045808,8693806371,9202984523057587920
9011389924,8688108064,4504953171714540672
5303962783,8067513950,5896305594714219618
5305192590,7545179778,3135143701044341788
7680241761,8084716164,6752342487455869956
6261459383,9286488296,2806737054980226520
5030108577,5154243231,7479659010487740671
9529803265,8207350975,4427463823717726911
8567157349,9598574832,8445524617057033904
5867443528,7122728418,4898718610476675472
9119579784,8319643484,2084676231935520992
7938113614,8127258328,9174867756863022544
7795272002,5415097435,5318669275738411638
9419852394,6349449736,4470647075113613136
5500010748,8300763576,8760800737187811616
9389366072,6855588423,9029397121383529608
8164705335,5097860727,4729042527404775313
6464400985,6186489792,3098462557678141888
7006847807,5847305295,4077690135711134833
7998432727,9419841304,1556990674221749544
7330000248,8473822145,6772886203229237112
6108172920,9679323192,3782747584173705792
5875112804,9760785483,2005483547141969484
9690466827,9698047865,1744890753892916275
7883031396,7340785520,2527410504333531072
7788654425,7730296292,4868374200118237252
6832411223,6247346608,5790952931051078352
9749680805,6070454970,3844766077497196002
7537310789,8096646157,5686706212742833025
8532841618,8871748655,1914249852981317326
5408410849,7750677116,5025358053851328252
8021148824,9791113996,4749006219827134240
5662561937,7358809599,4776226989508530031
7057981851,9005279542,8218867349488937394
9383945772,8419456988,5220751510240248272
7996045982,7160748594,1917442802037194460
6523696681,9476675205,6482722360644839757
7287205460,5362748563,2185962461481650748
9267240035,8715550803,6982125033799791641
9517757412,6327531505,4883677660248610212
8299822326,6835739686,1395192639458374788
9400182032,9974897299,1532129992557373488
5757761273,9990575124,2183114322835718004
6487854023,5904574405,1414528660162978083
6947825682,5799255335,3398727005569410238
5011046237,8220889085,4301767166764519913
6146548206,6267512894,1630081987278464932
7855846198,7344945835,2360532591272030482
5384129766,7536729588,3685241965624613176
6018708557,9823433660,3784152007435173772
8260681126,5045576261,4786408441617246654
6052062346,7475624609,8349458061540769482
9182082340,6710551077,6276600314661025332
7832749162,7691912233,4908586876079643898
7302769780,5776844358,5293476253946798008
8342116369,9191466540,2889307183611586796
8003190458,5378795654,6154037906205566300
6620843624,6888623771,8715012624941082872
7771214064,5744608381,7749093295180367152
8389904196,7622970054,8615756220908291736
8833367941,9277634760,8165785162453022696
8426700595,6788831897,1867221564676223867
8389566403,9843166115,8792919442713827881
7973832177,5140079087,4092639868826279167
7773982541,7698273395,4506010747446141847
7535595331,9998429475,1557142174304574761
8948743983,6477397444,2624339181365924604
5307892029,7434951030,2570429160723236638
5224144965,8200789235,5948623643632348543
9092947462,9050027912,8504452038611352880
5217396267,5028923917,7791144797873266223
7074991864,5496399333,1993492414850923480
5845816668,9682311661,1260786671515910700
6445726505,9143394404,3595587434402823172
8461736910,6809416538,2279259034030362732
7582184528,7994106631,5272559391621750320
5586115871,8143026724,8594402673494433372
6781749580,5616301714,1194863642653676888
5649513183,7122458674,3344936026716596110
6684108446,6413758812,5976771298477022920
7686518595,5109699911,2382315233352241813
7781821366,7925481614,6334449938536709876
8383131796,9350769858,4601759818839998504
7584304270,7863090636,4295839664883160872
6451980271,5988223491,1742411674851642829
6328926535,9254310712,3229620407182888072
6940377182,6165720110,5898935014623426788
9772088709,6084808180,4121053091080184772
5883865801,6980010403,4175956353416824571
8725992266,6702171994,3142868763917143556
5470940951,7487508359,4070227954788806177
7496665861,5929287580,7556399633618203148
8821613172,7101782002,7308941432387075496
9346708908,8880819317,9219456725704169372
9803176787,5809952903,1615763211124207813
9184008350,6484422153,4212754976948322702
7616303487,7728299550,3520842590116876002
6122146866,6596466475,3491048409176214118
8629541052,9363964788,7019742252690270512
8441757827,6868267459,2640018358813996745
8750347923,9272286040,7348752596737688456
8163145439,5246831400,5937159664692881368
6166549762,6458281482,2931825988337004052
6621396936,6735051858,7701963588943203856
9549784183,6597123672,7660875075031825128
6883641129,6392714223,7111662403966974535
8172998906,9305339022,2265549351926903468
6576191769,8985469066,3749935491304662906
8942152986,6547491774,3208440896555882316
8050008840,5425474032,6781625771371339648
5878732972,6591020043,1853358698477854564
9541982208,7890555618,1504565023352238080
8926064601,8736662254,4197035381484064190
7618473334,8401527516,8666581124384603496
6280596664,9042634290,1452906534417353712
8049382443,5518249869,7525015464196546735
9519844785,6027435265,2040015953306688177
9066574140,6972439455,7875907034290038852
6684343702,9232555193,6373339936568289638
7091954052,6192043460,7020199558887996688
8365809598,7252359352,5331625253978005648
8020076352,7650462516,6017061285305366784
6788168172,6193090348,5146250639194900624
7336041683,8397863951,6266847771570414685
5627413536,7111056877,3123369577476583840
8062796305,7104476600,1941715458310308152
6328566314,9500106992,4781824867838412640
6463281879,6141845692,2802991817298712036
6588978975,9251664495,5618790620180337777
9290584983,6601295761,5989667044359502215
8756935284,8852649288,3735100612126471328
5015613992,9167695538,9088133867369664464
9126066530,6279805807,1969693369033684862
7187242757,8583102504,6348609083333908680
9209717742,6571106925,5177807810622908502
8895117395,6933926635,6337859205513660977
5211436798,7296760903,1133120128682805362
7686780721,7875676112,5198363081433181904
7354097878,8445364819,6767807273215099234
5165620448,7858377997,3699909921997379424
6786552408,8438190098,1925987107615001136
5015292558,8864998723,7567073974722300202
7992618543,7157294649,1865293708183421559
7229283271,8321852473,4820796645660224335
6898113934,5517269829,1165267737643594054
9500716300,6093167966,2549227992085390952
6562904723,6386515674,5020605732989025070
6315985876,8986272210,1416936135122651112
8456010221,7280293125,6222000855747375777
8340522297,7408246384,6448411926292969200
5049069002,8272579028,4875334189450986824
7031298855,5715512961,3293991590997856423
6961208479,6273016022,6774284173830147306
6713790813,8897101199,4393044071048829939
9346334276,8551673344,6139821397344532480
9831931720,7688963750,1810390292716943536
9598334566,8528455296,8071990967344355072
5760266239,7552657411,6611829351897343997
8383143098,9645417933,7071942477516169970
9300146059,6383397963,4026301187494422969
6364422767,6578344208,4973875499138680304
9978447184,9827199756,5826473363315929024
9530581792,8235893223,4705877697141789152
8625251436,7028061657,5278566678207134604
7428037996,7639667627,1407509189038500644
6748567680,8673344783,3192422058921758592
7042752498,6417631627,8304303024878951014
6573732719,6795125085,7775847953543052883
9099882997,7047339195,8789729893543512567
6641200387,6888373551,8853580945282661005
5581669113,7309447009,3905426455826429785
7876682788,5408473837,5707344633827114324
5163847453,7928954499,4050423347194937815
6203779576,9567061565,4011708918152941592
6600578684,9455917299,7074293940317599668
6592725688,9695549874,8579868492476308464
8253396392,7476624145,6367310521554429992
8064560621,7953548249,8801639784980247781
8879608327,6470846512,2118350349565450576
8441670068,5043261604,5680062380161365840
7342937873,8067546118,3899257710907672166
9309153968,8358221153,4020991317033278640
8802538665,8824852075,3894125308254773411
5380394508,7779715345,4964449568622222028
9840685235,7974767230,4690197837984642586
5176077886,8587918617,7558247492802300430
8276820141,7516377199,6871469966907710211
9405906816,6624060261,6965061337405984128
7581480430,6015327531,8711599808897615098
9369917226,6191511609,2673719059019421786
6767968281,8501128392,2195135088635879304
7262968413,8381436530,5533876551825672042
7527488075,5688105389,5923657337621632943
5049083107,7785452839,2415910262320987541
8741289404,9452074098,8836338863832051128
6796355487,9183971457,7077302583104679711
6073102243,6998996010,5612130219659947198
9833580442,9650212022,2662415832144715644
9655349348,7858639354,2090932067972834728
8706829752,6681577310,2835123891867472272
9778179037,9944390521,5004310559635950197
6188292925,6759258286,4934782082082323318
8533164415,5104398960,6663187418015905168
8915911926,5037725199,8022426034255720042
9790344932,6346936410,6798464494241119272
8560599706,5206167054,7674424004440182892
9631910826,8014770456,3410578028213150192
8881578863,5114828323,8534262974011433517
6121897140,7378602833,8277559433119494388
8799226882,6930728574,5644820959057671420
8897388901,7226946443,8960720848940974295
6445357350,6798447524,6924935569983598168
8005326796,7477531059,4519847533406302116
5597581302,6941602492,1962696167716701352
6096124958,6381854993,2011097353745112062
7874213635,7408332783,2994562791387441357
6867451267,8401512623,2356746286409188493
6607651390,5814367525,1525825511118006518
8935136925,6507101412,2801609879952183252
8483947129,7172791175,5513348874929131727
9556866911,8616847972,8563092965886048028
8283245921,9094784834,1547363083764955650
7637972247,7452595430,1582484841330376362
9940028185,9414922572,1350875356724933740
7830739244,5449613309,5781012655991895164
5022765116,5278634437,8066596836570348076
6284022921,9329467445,3286355043974651997
7519135715,5665821112,5708589730621111848
6155139879,9827800555,5151254897810177997
8566155349,9650722823,8882614637119623763
7753330574,8020122590,6842429463146411812
7842112396,7330857145,2149173468981014572
9417646422,6740499202,8139405971080500396
6519190623,6146801906,3178685199614624206
7645267729,5468737618,4916475081844626290
8951053731,6738116993,4973015028978496035
5077708137,8201478396,4751225439379805020
5713125881,7835556379,7872031793480441667
8021178120,7702467296,6442629923562108672
8749084456,9005778109,5005336972798767240
6823704806,6183450317,5300551498356020270
8036574578,5101842697,4107851172246053634
5732709274,6657385265,1271366101837344378
7671295457,5557217419,5737568592516862251
7624408010,5972262423,8641477308324104998
7789835293,8035284849,7253313284919720909
7794713762,5254932784,4067208742410670176
6872406022,5991577768,4283066986665415664
7211312607,8156797703,3480985887263886873
7082768319,5493980386,2019102075749087902
6050639530,9510488216,2204303728200123632
5445635922,7552603551,4235241054531255790
5968818047,9716471606,2655618853927218634
9125659900,7022432862,8744101748066978952
9436942930,6140520219,2607506646085446822
8064877316,5635970599,8559923290098929052
9439715214,6354542034,4644834895223650428
7306380078,6095854735,7645143446766866098
5234710978,8388464415,7017698614343744638
5307338519,8514878592,8297854988510982016
7665227422,8358068671,8726264950779641314
8730247897,8717799683,2321576054139810187
6506925805,9492872301,6429183517817972457
8486450109,6797083551,2342878221137402211
5687907101,8007569244,8652821817277698412
8298026999,5287888879,6985556538234740889
5501676959,7693272139,5432409919033842069
7820827581,7421915147,2705286464370614559
7393697540,5989504904,7391099527103632928
8022748746,9423224751,1813188259523205782
9371918823,8763171716,8340757659523403804
6124337514,6716962658,4243458239107448980
8589082490,6990009557,4697536469832702082
9734083690,8074481759,4810704900646204246
7747790703,9892215933,2855842342927664435
9262509813,6457672590,4474023512887470822
8570410837,9339541469,6256731123690293089
7047578782,6275136056,7331027575009660560
9310733321,6560428973,5742172417836254485
8259628867,9369433580,3601067769968947396
7394489947,5290521475,2227219713856008593
7120884348,6290901399,7903293159531299620
9135170074,6230385593,1575399797525689034
7229692294,8513599205,6210470345464371422
5637192107,7702023647,6524298763376650997
7146644715,6261001556,7851665533375073308
5666865024,7903749722,7895994710632420096
6878643623,9318549473,8758748686932805831
8208295653,7631972772,7305256707093305268
5668929925,7187557676,3852272649720751068
6525709371,5814561412,1050649747124288620
