5955940,5006683,29819503547020
7143156,8272977,59095165295412
9907499,6075183,60189869497317
6136319,5313662,32606325090178
6369117,9906967,63098631938139
6102456,6703363,40906977759528
8158521,6638129,54157314847209
9466837,5907194,55922442725378
5808330,8764303,50905964043990
5094669,8701854,44333065816326
7665033,9784058,74995127443914
9312375,9968286,92828417339250
8497619,5446323,46280777804937
8042954,9549804,76808634281016
6225924,8303502,51696972385848
9591423,8437056,80923372970688
5258162,6745788,35470446121656
9209610,6370220,58667241814200
8797299,6299440,55418057212560
7276049,7955585,57885226283665
9766363,8808345,86025494699235
9575531,5720330,54775197245230
5894633,5471677,32253527809541
5960507,5901531,35176116836217
7947428,9296948,73886824849744
7599950,8488015,64508489599250
6597187,7675090,50634003971830
8000020,7339653,58717370793060
5334068,9445043,50380501624924
9177484,6869141,63041431621244
6801240,7061554,48027323526960
6308364,8991175,56719604687700
5065290,5055333,25606727691570
9320160,5904429,55030222988640
8931978,9030188,80657440551864
6531718,9515363,62151667783634
5830828,9413374,54887764693672
7876567,7817124,61572100933308
9787953,7129039,69778698667167
5781634,9755418,56402256393012
9207381,6355860,58520824602660
9905008,8702722,86200531031776
8181239,7047500,57657281852500
7744869,6786526,52560754835094
6875840,7067285,48593520894400
8825504,9595287,84683243799648
7571331,7193525,54464558831775
8591395,7909418,67952934258110
5277167,8985148,47416126515716
7537001,8238212,62091412082212
5518128,8584922,47372698466016
5787580,6880798,39823168888840
8722642,6985709,60933838723178
7442777,6224128,46324796723456
8516359,5869019,49982672781821
8361727,7556331,63183976943637
8648912,7910631,68418351383472
9772152,6495430,63474329265360
5143176,5717171,29404416675096
7416091,8595997,63748695987727
9835818,8324489,81878158747002
7606875,5740340,43666048837500
7921364,9385319,74344528055116
8522354,8447192,71989960529968
7738572,9412942,72842729398824
8426121,8285464,69814322205144
5717349,6995474,39995566278426
8036151,7048241,56640728960391
5818617,6956914,40479618067938
5502158,6515691,35850361361178
6265967,9714397,60870091026899
7282497,5814655,42345207593535
8402318,5649398,47468038504564
8352394,5764348,48146105649112
7086018,5540572,39260592922296
6567820,8291776,54458892248320
5011859,9871433,49474230323947
5155790,8577078,44221612981620
9446985,8652091,81736173895635
7409824,8752200,64852261612800
5648043,6401739,36157297146777
6025906,7249450,43684504251700
7079634,5708966,40417389798444
7376654,6017978,44392541485612
6784461,6900989,46819490731929
8888779,6662410,59220690097390
7070610,5743907,40612926273270
9697491,5277102,51174649151082
8197453,8243079,67572252677787
7682423,5556464,42687106832272
7310958,5197272,37997037306576
5088308,8129896,41367414855968
8994823,5072017,45621895167991
6341943,8013137,50818858105191
6021524,9387976,56529922795424
9475235,7222232,68432345424520
9442010,8567901,80898206921010
5635756,8577327,48339722104212
9830255,5809522,57109082688110
9456787,5352831,50620582613997
6039209,6716081,40559816819929
7753122,6318611,48988961953542
5054338,6957260,35164343593880
9861496,5321603,52478966698088
5893358,5342035,31482524703530
7333326,6178971,45312408687546
8470550,7197404,60965970452200
6910802,6011035,41541072700070
8553034,6964417,59566895391178
7357680,7437323,54721442690640
9752539,9720702,94801525362378
9271669,6189016,57382507787704
7362793,7064292,52012919687556
8511152,5267924,44836101888448
9489034,8816666,83661643440644
8207061,6552567,53777317075587
6782606,7045307,47785541530042
5312881,7301515,38792080314715
9810080,6287760,61683428620800
7708914,9078874,69988258882836
5831977,5404034,31516201995218
7768684,7124371,55346986997764
8246342,5880043,48488845552706
5552388,5074836,28177458508368
5279681,6816156,35987129326236
5622389,7169112,40307536448568
6022673,8560613,51557772778549
5103971,9515530,48566989169630
6103876,7624736,46540443076736
5155989,7665518,39523326487302
9353237,6665778,62346601423386
5437076,8317412,45222401167312
8775559,7116936,62455091767224
8668689,9354222,81088841354958
9701784,9608036,93215089936224
8898517,7682468,68362572099956
6526869,5068150,33079151122350
7461479,9789875,73046946725125
9476381,8005603,75864144162743
9458090,8189099,77453235360910
7610007,8440512,64232355403584
7675153,6838384,52485643472752
9642092,7302752,70413806637184
5313728,8958003,47600391365184
8995889,9471843,85207648253427
5878214,7417427,43601223235378
5807296,8321127,48323247542592
6448996,7826638,50473957155448
8733766,7044124,61521730690984
5472096,7023483,38433173230368
9743084,6464610,62985238257240
8818830,7183140,63346890526200
6127746,6421346,39348377266116
6973998,7988865,55714328532270
5150622,7981406,41109205334532
7692967,7521933,57865982345211
7110095,6143921,43683861982495
5472684,8960947,49040431271748
5936060,9390088,55740125773280
5797231,5195867,30121641244277
7276524,7545282,54903425559768
5882734,6876809,40454438115806
5851412,5830320,34115604411840
7556582,9505288,71827488205616
7007333,7264723,50906333213759
7184420,7030159,50507614922780
8663246,7010615,60734682356290
6406838,5188900,33244441698200
9175118,5160028,47343865783304
9014790,7511882,67718038734780
9938191,9442529,93841656725039
8458678,6986862,59099615888436
6369303,7113714,45309399921342
9652149,5935539,57290706823311
9843906,5959592,58665663446352
6628930,8326206,55193836739580
9099555,6998785,63685829040675
8135169,5237509,42608020854021
7772095,7375747,57325006379965
7005813,7465109,52299157678617
5091633,7088693,36093023205669
9246530,9572026,88508025569780
8697336,5790172,50359071381792
6803232,8268333,56251387652256
9021551,5506416,49676412771216
5772993,5613078,32404260002454
9643564,9896057,95433259027148
9333948,5704472,53245245015456
9046242,8570582,77531558852844
9345943,8021286,74966481742698
8133803,8528373,69368105892519
8756732,6478506,56730540802392
6751706,8282728,55922544333968
7079930,8025164,56817599358520
9079954,9447001,85778334517954
6594923,7511767,49539524958941
5093097,7346646,37417180702662
6699852,8358278,55999225574856
6254120,7917243,49515387791160
6772381,5922092,40106663341052
7165503,8148668,58389305000004
6488713,7463063,48425673907919
8864612,5036154,44643551182248
7993758,6416706,51293594921148
7319734,9928447,72673591073098
5681653,7982166,45351897400398
9264487,6755743,62588493198841
5470631,9693027,53026973990037
6788165,8809204,59798330270660
5223729,7146693,37332387478197
7700909,5885724,45325424923116
5203650,5969881,31065171265650
5159093,5331609,27506266670637
9950292,9861272,98122535891424
6994044,8457830,59154435164520
9571059,9453060,90475794990540
9720914,5541513,53868571302882
9894035,8428681,83393664817835
9930133,7029438,69803254255254
7710509,7336891,56571164087519
8748047,8466418,74064622585646
5198776,9790359,50897883400584
6518706,8467080,55194405198480
6202322,7340284,45526804939448
5789611,8588288,49722846675968
5072078,8677108,44010968590424
6398236,8682526,55552850424136
8597389,6225643,53524274646127
7925737,7973988,63199731729156
6320981,5213587,32954984368847
5311215,5864100,31145495881500
8702935,7438551,64737225847185
9346658,7616211,71186119472838
6789725,6333474,43002546754650
7113507,7020696,49941770140872
7998257,8980618,71829290782826
7838534,6679856,52360278371104
6127171,6005358,36795855382218
9561183,8534697,81601799866551
5393107,8098761,43677484640427
8792488,7568002,66541566768976
5170694,5903069,30522963459886
5009604,7064481,35390252275524
5059823,6345951,32109388826673
9117329,6698711,61074352062919
9530921,5559377,52985982996217
5739094,8979559,51534533179546
6269156,9036072,56648544995232
6821527,5084270,34682485080290
6200894,8260987,51225504722378
9861346,9347944,92183310172624
8025360,9175125,73633681170000
9056890,8014493,72586381506770
7154281,6344880,45393054431280
7245388,8457293,61276369214684
9647043,8073783,77888131773669
6341875,7564033,47970151781875
8898714,5893634,52445763386676
7593782,7308408,55498457119056
6721467,7917424,53216704141008
7178812,7877402,56550388006424
8229306,9958931,81955090631886
5127368,7237848,37111110224064
9078455,5827814,52907547147370
5109806,8247603,42143651295018
9030916,9278905,83797011626980
5325824,5030488,26791493722112
8766313,8238176,72218429365088
5589761,6856167,38324334906087
7469664,6821256,50952490377984
5499515,5556377,30557378657155
7834074,6960050,54525546743700
6270355,9704287,60849324511885
7651078,5762014,44085618551092
6438262,6215750,40018627026500
5525103,7431929,41062173213687
7246333,9497501,68822054913833
8778215,6967311,61160553929865
7666471,8998901,68989813548371
8505588,5812918,49442285585784
8735801,8875931,77538366905731
7913683,6943799,54951024101717
9137064,5714823,52216703499672
9090494,7299467,66355760966698
7919993,9961304,78893457950872
7635399,9093667,69433775918133
5030233,9159111,46072462402863
9044058,9718610,87895672519380
9711172,7894960,76669314493120
5259534,8977410,47216993126940
8065146,5269729,42501133765434
7700459,8664005,66716815278295
9693962,8819331,85494259579422
5532701,8929230,49402759750230
9556157,9550340,91264548443380
7252735,8737943,63373985024105
9592394,7219357,69250916770658
7990318,5545151,44307519848018
6423356,7550841,48501739842396
8404179,7042972,59190397379988
9914535,8704445,86300524608075
9078592,9554733,86743522575936
5404021,8238451,44520762211471
8974147,5036419,45197564459593
7195068,5527102,39767874732936
8797888,7124130,62677297837440
9209459,9823555,90469627006745
7884724,7729149,60942206619876
8623397,5857516,50511685901852
8277259,6256937,51790288095683
7817325,8864414,69296005172550
9650710,7581858,73170312819180
8469010,8566737,72551781320370
6364489,7913467,50365173673363
8481052,8623158,73133451402216
6750167,7081834,47803562166278
5158070,5948931,30685002523170
6943796,7442501,51679208673796
6881275,9839298,67706915344950
7755719,6571442,50966257576798
5431505,8488324,46104374247620
8884276,7085287,62947645247212
8328929,7119076,59294278549604
9599447,6559178,62964481574566
8518680,6929718,59032050132240
5932394,5184676,30757540794344
9578654,8879066,85049501057164
6623258,7604841,50368823991978
9654135,7896483,76233712907205
5250851,9969471,52348206769821
9093568,8977803,81640262071104
8235704,8046407,66267826315528
8170160,8780292,71736390486720
5252379,5092956,26750135142324
6335491,6846258,43374405942678
5800095,8800024,51040975202280
8970251,8656304,77649219612304
6828935,5352447,36551512653945
6672958,8185911,54624240294738
5226602,5184700,27098363389400
6732829,9515432,64065776517128
8457522,8277224,70004804078928
7492912,6502731,48724391142672
7890363,5997182,47319942957066
5972202,5160548,30819835086696
7711009,7197690,55501452369210
8058686,6264584,50484315376624
8506400,6523343,55490164895200
5437640,7533780,40965983479200
9998405,6552901,65518558122905
8599299,7728170,66456844552830
5717389,8835074,50513554901786
8365996,9209599,77047468395604
5121983,8708588,44605239690004
8700569,6532404,56835631737876
6764363,6146669,41578300356847
9889529,9993880,98834766082520
5138704,6873253,35319612684112
7530120,7413143,55821856367160
9216126,7776683,71670890390058
8689073,6509363,56560330290499
5205758,8023863,41770289003154
7036625,8851353,62283651803625
8383408,7387703,61934128431824
6537488,8846480,57833756842240
9651593,5580734,53862973209262
5455408,9594450,52341639285600
7757650,5492590,42609590813500
8031079,5799968,46580001205472
9344636,5787461,54081716409196
7097484,6782911,48141602295924
7205456,8634942,62218694643552
6126808,6219136,38103452197888
7365015,8307897,61187786023455
9021423,5797251,52299453508173
7076121,6987814,49446617389494
7792311,5122629,39917118305619
5223993,7795986,40726176292098
5661153,6282914,35568537439842
8185305,7115893,58245754552365
5294049,8671026,45904836524274
8848142,8037605,71117870379910
9848373,7236983,71272507978659
8375711,8908683,74616554198613
7457691,5634042,42016944317022
8188455,6795281,55642852680855
8996522,9408624,84644892805728
5355465,5122115,27431307608475
8897348,5584111,49683778837628
6143500,8110834,49828908679000
8090252,8625018,69778569124536
6505302,6125149,39845944039998
7709363,7687224,59263600278312
7060004,5675398,40068332581592
8050881,9242562,74410766797122
5512950,5437933,29979052732350
8523583,6137133,52310362507539
5433868,5467695,29710732894260
9638444,7753444,74731135801136
9214894,6212579,57248256951626
9899557,7885961,78067520419277
6336305,6950730,44041945252650
7841263,8881424,69641581398512
9265581,5397144,50007674900664
9608903,9610292,92344363629676
7276207,8201994,59679406156758
7118159,9681373,68913552352307
5170996,6785491,35087746819036
7762799,6927141,53774003227659
8867201,7063184,62630672227984
9568518,5839492,55875284312856
7041931,9552419,67267475481089
7248067,9350513,67773144708371
6000775,9359924,56166797941100
5150127,7938652,40885066008804
5951699,6498846,38679175239354
6287147,6661838,41883954796186
7490277,8096378,60644113916706
9408223,5484373,51598204199179
7045211,9562587,67370443120857
9981156,7239864,72262212002784
7897517,8109798,64047267571566
7526985,7249018,54563249750730
6764035,7886018,53341301762630
6580772,7403270,48719231924440
9722045,5792578,56315703982010
6880776,6442417,44328828275592
7595209,5189070,39412071165630
7265765,7401976,53781018151640
7811228,7798621,60916806716588
9074106,9050725,82127238026850
9116443,8737340,79653462081620
6989059,8061300,56340901316700
7655221,8395731,64271176261551
8588808,5036328,43256054217024
6506523,9046434,58860830888982
9521613,9599177,91399648512501
7091720,6328874,44882602323280
6735996,6555222,44155949171112
5502969,8748124,48140655180156
8014767,7461731,59804035381677
6200550,5048613,31304177337150
7455180,5444695,40591181270100
9638816,8544347,82357388573152
8456098,6609669,55892008811562
5284380,9131120,48252307905600
5452627,7299011,39798784451897
8769050,6093505,53434250020250
5355292,8996281,48177711669052
5157351,6792373,35030651683923
7694707,6471085,49793103047095
9316996,5298042,49361836121832
9213674,5607161,51662553519514
7626620,9037556,68926005340720
8890956,8522494,75773119164264
8378875,8349085,69955939579375
9224212,9148493,84387638912516
8323945,7758430,64580744606350
5045692,8107221,40906540141932
5136808,8945715,45952420377720
7780847,8185862,63692939785114
5464777,8785818,48012536132586
5074378,8600138,43640351064164
7707374,7620450,58733658198300
5740302,7115005,40842277431510
7031064,5169260,36345397892640
8918832,7857826,70082629979232
8146409,8857853,72159693399877
6806219,5054699,34403388373081
5108341,8577348,43816018459668
8704045,8147897,70919662143365
9056351,8421373,76266909789923
6387741,9695071,61929602524611
9390699,7045224,66159577971576
9307902,6746599,62796682325298
8619677,8751132,75431931224364
6578922,7401178,48691772770116
7076687,8091451,57260666102837
8689857,5686024,49410735458568
5068130,5961584,30214082717920
8121417,8919607,72439847923119
5343814,7039222,37616293072708
9017096,7826250,70570047570000
6717506,7196604,48343230549624
5418963,6546006,35472564311778
5590470,9351934,52281706468980
6500492,8890373,57791798563516
5972809,8869124,52973583649316
8442480,5014533,42335094561840
8576348,6644885,56988846179980
6671376,9959559,66443962883184
8205018,9866013,80950814253234
8149155,6039763,49218964850265
9602399,5823705,55921539068295
6847674,8736106,59822005917444
7167115,8816870,63191521230050
8604707,6850303,58944850176221
8083735,7645697,61805788438295
5081193,5238992,26620329477456
8205475,8959311,73515402427725
8129442,7500330,60973497715860
9795056,8152705,79856202026480
6909251,5812562,40160449811062
9534088,7538336,71871158797568
7355345,5092527,37457293006815
7417703,9063317,67228993700851
8842424,9541713,84371872032312
6753428,6333852,42775213444656
8362418,7472823,62490869566014
9033266,9722891,87829460692006
5118771,7099458,36340499726118
8130205,5427233,44124516872765
9108946,7137653,65016495743738
8232512,7780242,64050935627904
5014879,5678011,28474538125669
7197227,9256878,66623852277306
9683927,6058843,58673393316461
5811843,8636672,50194981706496
7967316,7761341,61837056330756
8322899,9673597,80512370797703
9608872,5294328,50872520078016
6227648,5640568,35127472024064
7918611,8990801,71194655697411
9959849,9370901,93332758953949
8119518,5568651,45214762030218
5191932,5469860,28399141169520
7342093,8388452,61588794710036
8599285,5033362,43283314346170
7586230,5026887,38135120966010
6865683,9911428,68048722725324
8252309,6084275,50209317340975
9716204,5942218,57735802300472
8776674,9194680,80698708894320
8591642,8814048,75727144986816
9430098,7181466,67721928163668
9988758,9154372,91440806549976
6931831,5179085,35900541954635
7238786,8014870,58017928747820
8285819,9511582,78811246855658
7087382,8363496,59275291007472
5873151,7335779,43084137769629
8283972,9341704,77386414368288
5994661,7975180,47808500513980
8602223,8320655,71576129816065
7197940,5390781,38802518191140
6181187,9196197,56843413345839
9870041,8746343,86326764010063
8818587,9905406,87351684581322
7303220,8205995,59930186803900
6243569,6640887,41462836205703
6377859,7374800,47035434553200
8698480,7053405,61353902324400
6187478,7526216,46568295923248
6688899,7660892,51242932837908
8903369,9181653,81747644688957
9262365,7165823,66372468151395
9042733,8064632,72926313919256
8713495,5106959,44499461711705
5433915,9084732,49365661485780
9790255,6351165,62179524897075
5901673,6712509,39615033127557
7388476,9553184,70583470707584
8721590,8075404,70430362772360
6102204,6223839,37979135241156
7364880,9032257,66521488934160
9299831,9948269,92517220442539
8376653,6937466,58112745381298
7683657,6745846,51832766838822
7667198,9173912,70338199738576
9013207,5216601,47018304649407
7928936,5425994,43022359162384
9742392,7890321,76870600187832
9775171,9614021,93978699272591
7185095,7905991,56805296404145
5639340,9319369,52555090376460
8219601,5071017,41681736404217
7004541,8614758,60342425616078
6871496,6033367,41458257207032
7942135,7315375,58099695825625
6091584,7980340,48612911458560
5922874,5257689,31140629478186
9783015,9309567,91075633604505
8536527,7498525,64011361122675
5942663,9441213,56105947170219
5665848,6768320,38348272335360
6189523,6844593,42364765799139
6620776,6915661,45787042372936
9620954,8377493,80599474788322
5413924,5685090,30778645193160
8602800,7938393,68292407300400
6763010,9590126,64858118039260
9022685,9442879,85200122710115
5740205,5966180,34247096266900
6276326,8588634,53905066878684
7662719,5891656,45146104372664
5704581,5373815,30655362946515
9210303,9672927,89090588566881
6850083,6451078,44190419739474
9299858,5721893,53212792391194
5436289,9299431,50554394451559
8932169,8421341,75220841018629
6206685,7637762,47405182838970
5725007,5067052,29008908169364
6491293,6947208,45096362659944
7413784,6657389,49356444049976
7589362,8896469,67518523762778
7483454,5973218,44700302134972
5772863,9749411,56282014033693
5021717,8232554,41341556375218
6927794,7380868,51133133045192
9122027,5384997,49122088028919
9474181,7142998,67674055934638
6053999,5945241,35992483068759
6485012,6557770,42527217143240
7044151,8984777,63290125889327
6373824,6005021,38274946970304
8105875,7315825,59301162971875
5100555,7112847,36279467330085
8780698,7452240,65435868863520
9621680,6651473,63998344734640
6075070,9701988,58940256239160
7002461,9251808,64785424699488
5076884,7895191,40082968864844
9502611,9337873,88734174686403
8741772,6416735,56093634354420
5597211,9430560,52784834168160
8584699,9873306,84759360144894
7463664,5700955,42550012599120
8630973,8323900,71843356154700
5727128,5568057,31888975150296
6346229,6639051,42132937988679
5006347,6601207,33047932860829
8457363,8672213,73344053354319
6684987,6065749,40549453210263
5073778,6157506,31241818477668
6446244,6328420,40794539454480
6075080,7643077,46432304221160
7862037,6135102,48234398922774
7225373,5309966,38366484967318
5995205,8918177,53466299341285
7215144,7925298,57182166312912
9053591,9255522,83795710679502
8761777,7017204,61483176611508
9172113,5828869,53463045130197
7791904,7986508,62230103631232
7435218,5250987,39042233060166
6448018,7439446,47969681718028
7902628,9450153,74681043702084
6129863,8519619,52224097282197
9046123,5947176,53798885598648
8754687,5048356,44196776644572
5637543,9418114,53095022653902
8602547,9339225,80341122006075
9794510,6714326,65763533150260
8422048,7747442,65249328401216
7516952,5382116,40457107630432
9155152,8584458,78592017827616
8322258,5140002,42776422764516
7648326,5974348,45693761141448
9794665,6409306,62777005152490
8917883,7340217,65459196400611
8743281,7515147,65707041977307
9936475,6762515,67195561234625
6211664,7632268,47409084373952
6357877,6619960,42088891424920
5596734,9361740,52395168557160
7432673,5940483,44153667601059
6406078,6069758,38883343189124
6615741,8624591,57058060286931
7841393,7554609,59238658130337
8848590,7695448,68093864218320
8294702,7924553,65731805618206
6965792,5552415,38676967987680
7416009,7445593,55216584698337
5503142,8573177,47179410422134
6989889,5700915,39848763048435
8818042,6957148,61348423264216
6527964,9221584,60198168374976
8619634,6006507,51773891958438
9646736,8172623,78839136508528
8240053,7120847,58676156684891
8937979,7822436,69916768696844
8218982,9702338,79743341379916
9984220,7742932,77307136533040
6193296,9031085,55932182606160
7312339,7101766,51930520490674
7254344,6469991,46935540390904
7240145,9005927,65204217339415
8344112,8966090,74814059162080
9259236,7995553,74032712177508
8981873,6184529,55548654042817
8826688,6126769,54079078411072
9957390,8768456,87310936089840
7375950,6683412,49296512741400
6429250,8076007,51922668004750
6151726,9328459,57386123770234
8276333,6826514,56498503093162
9106733,9176430,83567297903190
7056593,9428060,66529982199580
6767205,8755643,59251231087815
5060013,9076605,45927739295865
9456368,8260191,78111405846288
6250431,8667905,54178142117055
6633134,8493813,56340599799942
6174141,7506889,46348591157349
6318410,5919475,37401670034750
7451243,5601170,41735678754310
6204513,8184406,50780253424278
8841780,8819643,77981343084540
5976352,9841767,58817863893984
6666812,8937873,59587118970876
9624911,8563383,82421799233913
6984058,9733259,67977645385022
7523822,7686075,57828660178650
7039440,6121019,43088545989360
7759670,9284434,72044143976780
9460236,5655575,53503074215700
9449060,6213774,58714323352440
5764770,7689317,44327143962090
7527535,5164215,38873809160025
5963261,9599533,57244520757113
6293793,6599059,41533111340787
8493172,6704599,56943312498028
9732947,9607302,93507361178994
5059037,8930836,45181429764932
8151932,7587880,61855881784160
8880149,5735362,50930869128938
5284370,7308011,38618234088070
5805143,8371112,48595502229016
8020414,9063602,72693840371228
8565487,6188332,53006077297684
7278743,5227942,38052846236906
6702782,8238906,55223590836492
9455976,7335307,69362486944632
9394943,7902659,74245030853437
7651622,7711532,59005727904904
5432554,7924831,43052072348374
8906893,7504200,66839106450600
6590970,6709498,44222100033060
8462853,5621481,47573767345293
7813913,8846956,69129344498828
8355203,5770472,48213464965816
6776810,9892584,67040162177040
9578773,9386826,89914275444498
6377987,5780387,36867233140969
9977217,9707585,96854682090945
6022660,5856601,35272316578660
9784505,5465804,53480186567020
7587284,6854868,52009830298512
6394337,7595286,48566818295382
9752515,5377162,52440853062430
8954359,5373685,48117904642915
5695511,6943720,39548033640920
9951492,6207288,61771776873696
7964417,9319070,74220959532190
9365808,5880269,55073470442352
6091554,9852727,60018418567758
9729961,7509940,73071423312340
7073952,6766131,47863285919712
7275226,8421575,61268861400950
6038224,7405415,44715554582960
6675879,8873766,59240188090314
9372062,5635715,52818270394330
6459586,8041704,51946078574544
7728910,9623430,74378624361300
6890919,5558925,38306101902075
8470941,8110612,68704515725892
7607928,6227087,47375229545736
5949720,7206796,42878418297120
7372778,6354293,46848791635954
9470612,7233103,68501912069036
5784731,6653670,38489691112770
7399309,5597614,41418475648726
8763292,5666232,49654845555744
5102866,6121803,31238740387398
8529133,8209000,70015652797000
5021791,6787760,34086712078160
8084854,9187912,74282927084848
7636611,5176670,39532215065370
8101023,6158405,49889380548315
8592006,9416387,80905653602322
8837265,6798504,60080181451560
9849284,5383878,53027343443352
7947448,8163299,64877394310952
9601689,8073887,77522951995143
7307359,9681513,70746291154167
8411134,6967337,58603205130158
9163552,7961983,72960045243616
7444382,7483375,55709102149250
6127033,6005305,36794701910065
5536201,6860053,37978632278653
6927584,9667813,66974586653792
8078111,8521459,68837291683949
9149459,5146527,47087937778893
5331204,8937601,47648174201604
9104007,7867321,71624145455247
5618119,7446711,41836508556609
6480483,7573650,49080910072950
6056043,9580732,58021324963476
6089168,9664525,58848916365200
8105375,9917773,80387269329875
6407328,9000204,57667259094912
5419772,6546006,35477860030632
8287077,6388769,52944220638213
9279437,8230121,76370889321877
9663715,5279515,51019728298225
5372106,8700458,46739782624548
9159568,8257370,75633942016160
5220566,7616673,39763344096918
6835727,6062876,41444165170852
5953615,9174787,54623149505005
7974544,9443548,75307989042112
6672023,9869335,65848430114705
5630658,6255745,35223960630210
7406929,5895267,43665824105043
5730125,7741283,44358519250375
6067608,9112861,55293268306488
9955198,5407059,53828342942682
5377029,8208229,44135885371641
9682392,8580228,83077130945376
7271925,7851567,57096006356475
9164060,7926948,72643027088880
9146076,9554304,87384390511104
8481167,5580495,47329110037665
7557539,6851339,51779261694721
9569430,9206798,88103808985140
8721336,9577394,83527671078384
8739853,6760177,59082953233981
7763189,9835819,76357321866791
7935927,5078264,40300732390728
5523064,7828227,43235798727528
7783005,9927190,77263369405950
6332700,8228834,52110737071800
8880255,7130884,63324068295420
5328888,5676452,30249176945376
6942116,7822054,54301606226264
7274826,7447067,54176116635342
9837141,8990558,88441386714678
9084608,9990302,90757977471616
5599488,6008558,33644848418304
7507268,7243812,54381238025616
6241785,9221338,57557609208330
5316774,9516547,50597329659378
9680606,8459169,81889882176414
9019213,7422373,66943963052449
8776964,5920944,51967912334016
5613619,7851861,44077356094959
8331858,5356238,44627414430204
7339364,8659647,63556301444508
8868087,8072552,71588093448024
9651257,6200972,59847174421804
7624177,9846417,75070826023809
6652322,5761474,38327180242628
8116011,8780474,71262423569214
7628431,6888693,52549919230683
5445398,5187316,28247000171768
7179891,7631341,54792196563831
6974206,6732474,46953660565644
9588175,9822062,94175649316850
7432563,5241696,38959235746848
6979243,8073638,56347881496034
9827572,7208675,70843772587100
7029081,5505705,38700046407105
7985012,8453000,67497306436000
8658385,9536425,82570039173625
9184243,5218695,47929763022885
7728742,6483493,50109244655806
6575607,9498802,62460388922814
8856253,6477920,57370098433760
5563004,6056441,33692005508764
8052636,6663590,53659464723240
6734534,5067256,34125607818704
8255235,7875948,65017801587780
8620999,6188209,53348543600791
6320135,8470903,53537250531905
9855413,7902262,77880055644206
8184934,8072042,66069131015228
7137593,6840358,48823691378294
8691508,5326721,46297238185268
7707960,5634491,43430431248360
8145063,7787582,63430346007666
9000693,7814484,70335771437412
6358095,9859038,62684700212610
6751488,5088370,34354068994560
7555870,6735059,50889230246330
9207837,8687330,79991518605210
8629085,6571516,56706170142860
5014279,8667431,43460917247249
7055600,8737900,61651127240000
8986090,8497447,76358823512230
9702104,5300676,51427709822304
6164474,6203737,38242775439338
5794993,6776944,39272343041392
8095805,6760673,54733090276765
5052715,6071459,30677351961185
6731731,8926257,60089160960867
6240532,8188565,51101001916580
7702049,7157454,55127061423246
7621504,9030582,68826616835328
6343937,9571643,60721900178491
5297444,5407386,28645324521384
9125957,7364282,67206120867874
8697710,7954386,69184942656060
5971820,5633802,33644051459640
8680671,6632979,57578708448909
8618001,8955826,77181317423826
7921537,8228644,65183507905828
7495006,8423529,63134400396174
9973980,5836729,58215418311420
9866725,8873536,87552739489600
5091958,9770826,49752635617308
5926412,9594978,56863792758936
7883939,8690284,68513668948676
8322501,9833181,81836658705681
6772495,7061399,47823289420505
6934245,6827938,47346594936810
5295155,6595342,34923358168010
7632518,5346183,40804837978794
8967491,7630858,68429650437278
9371904,7189056,67375142682624
5575141,6829571,38075821294511
9274530,7320458,67893807334740
7210248,5417301,39060083700648
7754208,5625310,43619823804480
5054069,8859756,44777818147164
9833364,7688422,75603052111608
9003965,6400598,57630760371070
8093011,7941503,64270671135533
8640142,7601220,65675620173240
7474957,5041204,37682783128228
5372034,9865414,52997339432076
6563783,5595545,36727943146735
6603813,5423059,35812867523967
8881317,7654117,67978639432089
6730688,9051674,60923993571712
5344596,9128653,48788962309188
7398656,7463893,55222776727808
5076406,7333577,37228214284262
8455723,5181829,43816110657367
9247164,7891206,72971276039784
8830905,6907069,60995670167445
9841438,5573682,54853045834716
6260219,6112195,38263679270705
7458296,8722655,65056142895880
9905159,9879873,97861712964807
5056627,6640561,33578840047747
8017321,5847619,46882238608699
6406775,8481609,54339760500975
8316087,8886203,73898437247661
5309942,8419110,44704985791620
6223139,9401491,58506785300249
9145123,8295799,75866102238277
6754897,9135498,61709348033706
5808101,7803398,45322923727198
9678790,8760321,84789307291590
9191628,5064688,46552728032064
6009119,7024126,42208809004994
9387216,7209640,67678447962240
5737137,5371779,30818632056723
5830201,5901214,34405263764014
9511314,7868521,74839973946594
5537759,5629763,31176270721117
5891349,9665827,56944760230623
7861264,5235638,41158732526432
6250178,9759049,60995793360722
8739374,5142104,44938770002896
9267885,7266676,67346717500260
6283828,9465278,59478178924184
7170322,8990795,64466895185990
5808768,8286853,48136406527104
6852452,6324838,43340648802776
5538661,9088416,50337655250976
6982030,5500444,38404265021320
9797222,7236976,70902260480672
5592444,5908171,33041115459924
6884703,5736641,39495069502623
9385122,8197310,76932754421820
8090701,5925221,47939191469921
7016339,9476181,66488098321359
8524129,5942110,50651312172190
9545867,6499924,62047410014108
9548579,7068591,67494999582189
5211777,8383782,43694402200614
9446056,6843448,64643593041088
8463113,8669269,73369003174397
6298781,8467626,53335721763906
9203865,7691926,70795448493990
5295974,7768553,41142054705622
7120663,8742191,62250195992633
5805956,6859311,39824857856316
7832570,7221049,56559371765930
7897938,7805926,61650719580588
8044179,9005303,72440269281237
5601725,5731935,32108723587875
8076784,6962394,56233752460896
8085711,8747684,70731244743324
7771559,7745359,60193514444681
7279979,7115918,51803733605722
5983121,7851919,46978981459199
9771558,7161903,69982950554874
